{"128": 0.01393, "126": 0.02609}