{"800": 0.04367, "1558": 0.02287}