{"10": 0.01814, "33": 0.01743, "7": 0.0162, "36": 0.01563, "5": 0.01116, "35": 0.00839, "32": 0.00744}