{"54": 0.04716, "68": 0.04655, "56": 0.03076, "46": 0.01216, "69": 0.01961, "47": 0.01387, "45": 0.00942, "57": 0.00926, "43": 0.00588}