{"62": 0.04854, "70": 0.03261, "56": 0.02948, "69": 0.02898, "49": 0.01268, "26": 0.02566, "71": 0.02187, "63": 0.0208, "51": 0.01601, "53": 0.01426, "28": 0.01361, "48": 0.00673, "21": 0.00519}