{"23": 0.09253, "47": 0.08098, "61": 0.07961, "57": 0.06447, "25": 0.06447, "62": 0.05781, "44": 0.02768, "54": 0.0468, "51": 0.04183, "52": 0.03734, "53": 0.03415, "55": 0.03258, "63": 0.02521}