{"53": 0.00625, "174": 0.05317, "51": 0.05165, "109": 0.01654}