{"89": 0.05017, "97": 0.02252, "91": 0.02226, "101": 0.02149, "95": 0.01951, "71": 0.01923, "55": 0.01769, "84": 0.01517, "93": 0.0149, "78": 0.01449, "69": 0.01373, "83": 0.01349, "70": 0.01237, "56": 0.00975}