{"53": 0.02128, "65": 0.0289, "77": 0.01103, "43": 0.00756}