{"96": 0.05815, "93": 0.04338, "79": 0.04084, "65": 0.01901, "103": 0.02251, "87": 0.02204, "83": 0.0213, "47": 0.01656, "86": 0.01901, "50": 0.01064, "104": 0.01, "46": 0.00853}