{"77": 0.05666, "45": 0.04438, "78": 0.02535, "74": 0.0199, "47": 0.0154, "75": 0.01448, "90": 0.01163, "131": 0.00776, "134": 0.00575}