{"253": 0.02082, "43": 0.01756, "234": 0.01742}