{"72": 0.05596, "79": 0.04716, "77": 0.04634, "70": 0.04163, "69": 0.03717, "81": 0.03335, "88": 0.03152, "76": 0.02996, "40": 0.02983, "78": 0.0216, "55": 0.01881, "80": 0.01304, "68": 0.01056}