{"57": 0.04145, "18": 0.02347, "58": 0.03744, "24": 0.03701, "52": 0.0367, "11": 0.03636, "61": 0.03605, "28": 0.03212, "16": 0.0309, "17": 0.02818, "54": 0.01871, "13": 0.01466, "20": 0.01123}