{"152": 0.06902, "97": 0.00946, "92": 0.02105, "997": 0.01593, "94": 0.00703}