{"90": 0.04138, "67": 0.01256, "80": 0.02894, "86": 0.02821, "101": 0.0268, "66": 0.02251, "87": 0.02208, "62": 0.01978, "89": 0.01804, "88": 0.0159, "68": 0.01416, "65": 0.00785}