{"76": 0.02622, "44": 0.02593, "54": 0.0245, "31": 0.0175, "42": 0.01598}