{"114": 0.02976, "53": 0.02668}