{"72": 0.08226, "55": 0.01996, "89": 0.02458}