{"47": 0.02377, "63": 0.02091, "37": 0.0126, "64": 0.01164, "58": 0.00641, "29": 0.00614, "60": 0.00573, "48": 0.00417, "39": 0.00312, "41": 0.00262}