{"32": 0.05083, "42": 0.04684, "47": 0.02583, "41": 0.02086, "36": 0.02076, "23": 0.00563, "48": 0.01872, "37": 0.01851, "34": 0.01789, "43": 0.01749, "40": 0.01455, "33": 0.01421, "21": 0.01045}