{"54": 0.03629, "56": 0.00724, "44": 0.02143, "87": 0.01506}