{"102": 0.05971, "89": 0.04903, "69": 0.0419, "90": 0.03725, "94": 0.02675, "84": 0.02568, "72": 0.0202, "79": 0.01969, "56": 0.01787, "85": 0.01066, "70": 0.01062, "92": 0.00893, "57": 0.00438}