{"60": 0.09076, "59": 0.07991, "90": 0.07003, "57": 0.03987, "53": 0.02453, "98": 0.01849, "84": 0.00643}