{"99": 0.01127, "96": 0.03522, "95": 0.03223, "109": 0.01976, "90": 0.01186, "97": 0.00635, "70": 0.00633}