{"57": 0.0583, "60": 0.05645, "83": 0.05223, "54": 0.0522, "61": 0.04513, "59": 0.04036, "32": 0.03486, "85": 0.03252, "56": 0.02334, "53": 0.03041, "121": 0.02062, "84": 0.00643}