{"79": 0.06148, "56": 0.04958, "47": 0.04746, "57": 0.04448, "31": 0.04358, "88": 0.04164, "77": 0.0389, "64": 0.03336, "78": 0.02769, "65": 0.02538, "22": 0.01459, "28": 0.011, "23": 0.01013, "52": 0.00684}