{"18": 0.05588, "16": 0.05428, "17": 0.04341, "24": 0.02542, "19": 0.02208, "22": 0.01494, "8": 0.01258, "26": 0.00768, "20": 0.00366}