{"65": 0.03813, "55": 0.02814, "54": 0.02261}