{"55": 0.04609, "37": 0.04589, "19": 0.01529, "41": 0.04035, "60": 0.03493, "25": 0.02658, "33": 0.02224, "17": 0.00599}