{"27": 0.02438, "26": 0.02334, "41": 0.02107, "16": 0.01361, "24": 0.01797, "42": 0.01782, "21": 0.01595, "33": 0.01564, "39": 0.01416, "11": 0.01044, "32": 0.00903}