{"26": 0.05285, "31": 0.03484, "25": 0.02353, "37": 0.02259, "20": 0.0219, "29": 0.01987, "38": 0.01901, "32": 0.0172, "27": 0.01409, "35": 0.01377, "30": 0.01126, "28": 0.01064, "36": 0.0076, "19": 0.00755}