{"833": 0.03236, "824": 0.02442}