{"118": 0.03168, "86": 0.01745, "104": 0.01867}