{"28": 0.30336, "20": 0.19782, "18": 0.2575, "15": 0.20583, "13": 0.1718, "35": 0.06241, "31": 0.05565, "37": 0.05288, "38": 0.04031, "22": 0.03187, "39": 0.02793, "36": 0.01466, "10": 0.00668}