{"58": 0.01736, "74": 0.00886, "54": 0.0088, "43": 0.00451}