{"14": 0.09945, "44": 0.05661, "61": 0.05441, "18": 0.03138, "59": 0.0384, "36": 0.00823, "60": 0.03478, "55": 0.0279, "62": 0.02549, "54": 0.02488, "43": 0.02192}