{"32": 0.03726, "33": 0.03621, "17": 0.02814, "35": 0.02745, "20": 0.00899, "38": 0.02547, "28": 0.02229, "13": 0.01991, "23": 0.01972, "39": 0.01743, "18": 0.01301, "19": 0.00764}