{"155": 0.01593, "186": 0.02432}