{"64": 0.05335, "93": 0.02603}