{"149": 0.02192, "150": 0.01255}