{"73": 0.00563, "124": 0.01702, "125": 0.01547, "89": 0.00782}