{"85": 0.09547, "89": 0.05641, "37": 0.04833, "84": 0.04488, "40": 0.04457, "83": 0.0412, "77": 0.02507, "36": 0.01747, "93": 0.02277, "86": 0.02232, "92": 0.02163, "79": 0.01217, "74": 0.00745}