{"77": 0.04441, "23": 0.00487, "12": 0.03622, "37": 0.03496, "45": 0.03444, "30": 0.03289, "46": 0.03083, "38": 0.02514, "14": 0.02115, "42": 0.02095, "15": 0.01967, "28": 0.01323}