{"52": 0.02252, "71": 0.02202, "63": 0.02198, "70": 0.02156, "77": 0.02049, "53": 0.0186, "51": 0.01158, "54": 0.00995}