{"88": 0.10842, "80": 0.06167, "84": 0.02005, "93": 0.04241, "77": 0.03744, "87": 0.03695, "105": 0.02624, "94": 0.01813}