{"1115": 0.03092, "122": 0.02657}