{"61": 0.02621, "55": 0.02491, "60": 0.02285, "72": 0.02202, "68": 0.0219, "56": 0.02009, "75": 0.01981, "62": 0.01792, "48": 0.01687, "73": 0.0121, "51": 0.0113, "64": 0.01084, "38": 0.01025, "67": 0.00575}