{"99": 0.05609, "53": 0.00657, "147": 0.02629, "78": 0.02577, "81": 0.01686, "80": 0.0063, "158": 0.00487}