{"434": 0.03649, "270": 0.01157}