{"284": 0.15077, "502": 0.03928}