{"51": 0.11437, "95": 0.08733, "72": 0.057, "90": 0.03539, "56": 0.01868, "71": 0.02891, "109": 0.02607, "89": 0.022, "64": 0.02137, "65": 0.0205, "53": 0.01339, "73": 0.00575}