{"64": 0.03518, "70": 0.00557, "401": 0.02249, "135": 0.00535, "63": 0.00818}