{"1228": 0.03126, "348": 0.02919}