{"84": 0.02995, "74": 0.02788, "77": 0.02533, "48": 0.02447, "73": 0.01946, "89": 0.01911, "131": 0.01636, "78": 0.01048, "86": 0.00882, "132": 0.00555}