{"57": 0.0653, "53": 0.05665, "58": 0.0494, "65": 0.04818, "32": 0.04039, "89": 0.03563, "23": 0.0316, "36": 0.02948, "79": 0.02307, "48": 0.02179, "78": 0.01567, "34": 0.01441, "29": 0.00969, "31": 0.00676}