{"70": 0.07297, "52": 0.03262, "56": 0.03205, "75": 0.02616, "77": 0.02506, "74": 0.0248, "60": 0.02307, "64": 0.02204, "66": 0.01991, "57": 0.0199, "61": 0.01252, "49": 0.00979, "62": 0.0088}