{"93": 0.02051, "79": 0.01477, "95": 0.01409, "67": 0.01133, "68": 0.0108, "60": 0.00846}