{"9": 0.04785, "24": 0.0383, "17": 0.02981, "4": 0.02705, "10": 0.0242, "7": 0.01903, "25": 0.01773, "11": 0.01302, "18": 0.00659, "28": 0.00547}