{"81": 0.04482, "38": 0.03636, "79": 0.03485, "86": 0.03411}