{"50": 0.12006, "14": 0.06497, "25": 0.05467, "51": 0.04948, "48": 0.02338, "40": 0.03451, "41": 0.02815, "16": 0.0274, "36": 0.02493, "22": 0.01903, "38": 0.01412, "42": 0.00692}