{"87": 0.05147, "82": 0.04398, "96": 0.03144, "86": 0.02868, "85": 0.0265, "95": 0.02471, "88": 0.02446, "81": 0.01775, "65": 0.01748, "83": 0.01658, "51": 0.01501, "49": 0.01182, "89": 0.01002, "94": 0.00575}